theta0,theta1
4.5688681591612935e-06,0.045279765320824554