theta0,theta1
900.2015211038982,-905.0007578402597