theta0,theta1
-7.189292922786721e+157,-5.959923832990192e+161